Time,Price
2016-01-01,433.99
2016-01-02,433.72
2016-01-03,430.7
2016-01-04,433.32
2016-01-05,431.2
2016-01-06,430.82
2016-01-07,457.05
2016-01-08,452.87
2016-01-09,448.31
2016-01-10,446.19
2016-01-11,447.72
2016-01-12,445.04
2016-01-13,432.18
2016-01-14,429.13
2016-01-15,372.26
2016-01-16,385.04
2016-01-17,382.47
2016-01-18,384.4
2016-01-19,379.46
2016-01-20,414.58
2016-01-21,410.24
2016-01-22,382.65
2016-01-23,388.61
2016-01-24,402.13
2016-01-25,392.76
2016-01-26,389.78
2016-01-27,395.02
2016-01-28,379.69
2016-01-29,380.29
2016-01-30,377.76
2016-01-31,369.84
2016-02-01,372.18
2016-02-02,373.92
2016-02-03,368.02
2016-02-04,390.65
2016-02-05,386.46
2016-02-06,376.68
2016-02-07,377.94
2016-02-08,372.63
2016-02-09,375.32
2016-02-10,381.88
2016-02-11,379.45
2016-02-12,384.04
2016-02-13,390.1
2016-02-14,405.5
2016-02-15,401.07
2016-02-16,406.42
2016-02-17,417.14
2016-02-18,421.4
2016-02-19,419.98
2016-02-20,440.06
2016-02-21,437.87
2016-02-22,437.79
2016-02-23,419.9
2016-02-24,422.72
2016-02-25,423.48
2016-02-26,427.32
2016-02-27,431.3
2016-02-28,432.47
2016-02-29,436.21
2016-03-01,434.04
2016-03-02,425.36
2016-03-03,419.56
2016-03-04,409.48
2016-03-05,399.0
2016-03-06,405.96
2016-03-07,414.87
2016-03-08,411.9
2016-03-09,412.76
2016-03-10,415.83
2016-03-11,419.11
2016-03-12,410.36
2016-03-13,412.41
2016-03-14,414.31
2016-03-15,415.13
2016-03-16,415.91
2016-03-17,418.16
2016-03-18,408.16
2016-03-19,408.69
2016-03-20,411.53
2016-03-21,411.11
2016-03-22,416.21
2016-03-23,416.98
2016-03-24,414.74
2016-03-25,415.71
2016-03-26,416.51
2016-03-27,424.57
2016-03-28,422.21
2016-03-29,415.0
2016-03-30,412.44
2016-03-31,415.66
2016-04-01,415.64
2016-04-02,418.51
2016-04-03,419.06
2016-04-04,419.33
2016-04-05,422.07
2016-04-06,421.26
2016-04-07,420.14
2016-04-08,417.69
2016-04-09,418.05
2016-04-10,420.25
2016-04-11,421.43
2016-04-12,424.74
2016-04-13,423.47
2016-04-14,424.02
2016-04-15,428.67
2016-04-16,430.05
2016-04-17,426.26
2016-04-18,427.69
2016-04-19,434.92
2016-04-20,441.16
2016-04-21,449.34
2016-04-22,445.28
2016-04-23,450.08
2016-04-24,457.56
2016-04-25,461.73
2016-04-26,466.0
2016-04-27,447.01
2016-04-28,448.48
2016-04-29,454.98
2016-04-30,448.53
2016-05-01,452.24
2016-05-02,444.18
2016-05-03,450.27
2016-05-04,445.8
2016-05-05,448.08
2016-05-06,459.56
2016-05-07,458.46
2016-05-08,457.87
2016-05-09,460.44
2016-05-10,449.36
2016-05-11,452.5
2016-05-12,454.43
2016-05-13,455.41
2016-05-14,456.44
2016-05-15,458.11
2016-05-16,454.87
2016-05-17,453.25
2016-05-18,454.22
2016-05-19,442.66
2016-05-20,442.11
2016-05-21,443.64
2016-05-22,439.62
2016-05-23,443.69
2016-05-24,446.11
2016-05-25,449.78
2016-05-26,453.3
2016-05-27,474.05
2016-05-28,524.22
2016-05-29,516.05
2016-05-30,532.26
2016-05-31,528.92
2016-06-01,537.4
2016-06-02,537.1
2016-06-03,567.03
2016-06-04,571.95
2016-06-05,574.91
2016-06-06,583.58
2016-06-07,575.58
2016-06-08,580.51
2016-06-09,574.69
2016-06-10,577.89
2016-06-11,591.6
2016-06-12,666.55
2016-06-13,700.07
2016-06-14,685.14
2016-06-15,690.77
2016-06-16,761.21
2016-06-17,743.9
2016-06-18,753.77
2016-06-19,761.04
2016-06-20,733.97
2016-06-21,667.38
2016-06-22,590.56
2016-06-23,620.84
2016-06-24,656.89
2016-06-25,663.52
2016-06-26,625.41
2016-06-27,644.66
2016-06-28,644.89
2016-06-29,636.54
2016-06-30,670.02
2016-07-01,674.57
2016-07-02,698.06
2016-07-03,661.64
2016-07-04,675.16
2016-07-05,663.67
2016-07-06,672.7
2016-07-07,635.25
2016-07-08,662.78
2016-07-09,651.83
2016-07-10,647.11
2016-07-11,646.71
2016-07-12,670.56
2016-07-13,661.15
2016-07-14,657.25
2016-07-15,664.2
2016-07-16,660.69
2016-07-17,676.33
2016-07-18,670.38
2016-07-19,671.1
2016-07-20,664.4
2016-07-21,664.62
2016-07-22,651.11
2016-07-23,655.16
2016-07-24,659.29
2016-07-25,654.0
2016-07-26,654.38
2016-07-27,654.54
2016-07-28,654.13
2016-07-29,655.43
2016-07-30,654.74
2016-07-31,621.87
2016-08-01,607.0
2016-08-02,513.43
2016-08-03,566.44
2016-08-04,576.22
2016-08-05,574.66
2016-08-06,586.45
2016-08-07,590.85
2016-08-08,589.24
2016-08-09,585.25
2016-08-10,590.94
2016-08-11,587.84
2016-08-12,587.14
2016-08-13,584.59
2016-08-14,569.06
2016-08-15,566.95
2016-08-16,580.19
2016-08-17,572.34
2016-08-18,573.39
2016-08-19,574.56
2016-08-20,582.61
2016-08-21,580.66
2016-08-22,587.47
2016-08-23,583.56
2016-08-24,579.66
2016-08-25,577.96
2016-08-26,579.37
2016-08-27,570.35
2016-08-28,574.98
2016-08-29,574.23
2016-08-30,577.32
2016-08-31,573.88
2016-09-01,571.99
2016-09-02,575.29
2016-09-03,598.84
2016-09-04,609.55
2016-09-05,605.76
2016-09-06,610.44
2016-09-07,613.21
2016-09-08,625.57
2016-09-09,623.16
2016-09-10,624.52
2016-09-11,605.61
2016-09-12,607.98
2016-09-13,608.61
2016-09-14,609.54
2016-09-15,608.11
2016-09-16,607.78
2016-09-17,607.08
2016-09-18,610.7
2016-09-19,609.85
2016-09-20,609.24
2016-09-21,597.16
2016-09-22,595.63
2016-09-23,602.92
2016-09-24,602.59
2016-09-25,601.49
2016-09-26,606.54
2016-09-27,605.47
2016-09-28,604.67
2016-09-29,604.7
2016-09-30,608.14
2016-10-01,613.41
2016-10-02,610.69
2016-10-03,611.6
2016-10-04,608.96
2016-10-05,611.82
2016-10-06,610.97
2016-10-07,616.03
2016-10-08,617.65
2016-10-09,615.77
2016-10-10,617.29
2016-10-11,640.45
2016-10-12,635.99
2016-10-13,635.6
2016-10-14,637.92
2016-10-15,637.03
2016-10-16,640.12
2016-10-17,637.37
2016-10-18,635.34
2016-10-19,629.06
2016-10-20,628.34
2016-10-21,630.45
2016-10-22,655.48
2016-10-23,653.03
2016-10-24,650.49
2016-10-25,651.0
2016-10-26,674.67
2016-10-27,682.3
2016-10-28,686.24
2016-10-29,714.95
2016-10-30,697.27
2016-10-31,698.67
2016-11-01,726.76
2016-11-02,733.51
2016-11-03,684.87
2016-11-04,702.08
2016-11-05,702.11
2016-11-06,709.91
2016-11-07,705.4
2016-11-08,710.9
2016-11-09,721.42
2016-11-10,714.57
2016-11-11,714.97
2016-11-12,704.27
2016-11-13,701.97
2016-11-14,704.56
2016-11-15,711.1
2016-11-16,740.28
2016-11-17,737.53
2016-11-18,746.96
2016-11-19,747.89
2016-11-20,728.51
2016-11-21,736.19
2016-11-22,749.34
2016-11-23,741.07
2016-11-24,735.31
2016-11-25,740.39
2016-11-26,734.14
2016-11-27,729.42
2016-11-28,733.3
2016-11-29,732.56
2016-11-30,742.49
2016-12-01,752.63
2016-12-02,770.94
2016-12-03,764.24
2016-12-04,766.39
2016-12-05,754.34
2016-12-06,758.21
2016-12-07,765.56
2016-12-08,768.49
2016-12-09,770.48
2016-12-10,774.0
2016-12-11,767.91
2016-12-12,778.47
2016-12-13,778.74
2016-12-14,776.5
2016-12-15,775.21
2016-12-16,782.05
2016-12-17,787.17
2016-12-18,789.01
2016-12-19,789.79
2016-12-20,799.1
2016-12-21,829.21
2016-12-22,860.15
2016-12-23,917.17
2016-12-24,891.07
2016-12-25,891.07
2016-12-26,898.38
2016-12-27,925.78
2016-12-28,972.17
2016-12-29,971.08
2016-12-30,959.04
2016-12-31,963.38
2017-01-01,995.44
2017-01-02,1017.05
2017-01-03,1033.3
2017-01-04,1135.41
2017-01-05,989.35
2017-01-06,886.16
2017-01-07,888.87
2017-01-08,900.86
2017-01-09,899.78
2017-01-10,904.37
2017-01-11,785.43
2017-01-12,810.11
2017-01-13,824.83
2017-01-14,819.63
2017-01-15,821.17
2017-01-16,827.34
2017-01-17,899.66
2017-01-18,872.03
2017-01-19,895.21
2017-01-20,892.91
2017-01-21,919.84
2017-01-22,918.84
2017-01-23,921.46
2017-01-24,893.75
2017-01-25,894.41
2017-01-26,915.56
2017-01-27,918.01
2017-01-28,918.51
2017-01-29,914.55
2017-01-30,920.73
2017-01-31,965.49
2017-02-01,982.43
2017-02-02,1003.97
2017-02-03,1013.02
2017-02-04,1031.85
2017-02-05,1016.11
2017-02-06,1024.67
2017-02-07,1049.56
2017-02-08,1055.49
2017-02-09,978.96
2017-02-10,997.61
2017-02-11,1008.32
2017-02-12,996.52
2017-02-13,995.36
2017-02-14,1008.34
2017-02-15,1008.19
2017-02-16,1031.93
2017-02-17,1049.41
2017-02-18,1052.28
2017-02-19,1048.89
2017-02-20,1077.56
2017-02-21,1119.03
2017-02-22,1120.46
2017-02-23,1171.91
2017-02-24,1176.49
2017-02-25,1149.05
2017-02-26,1171.58
2017-02-27,1188.83
2017-02-28,1189.27
2017-03-01,1222.66
2017-03-02,1255.47
2017-03-03,1283.3
2017-03-04,1264.32
2017-03-05,1271.22
2017-03-06,1277.01
2017-03-07,1232.69
2017-03-08,1146.97
2017-03-09,1191.33
2017-03-10,1112.39
2017-03-11,1179.22
2017-03-12,1225.11
2017-03-13,1238.19
2017-03-14,1243.14
2017-03-15,1253.43
2017-03-16,1172.88
2017-03-17,1071.71
2017-03-18,971.38
2017-03-19,1022.6
2017-03-20,1047.51
2017-03-21,1121.29
2017-03-22,1044.72
2017-03-23,1035.03
2017-03-24,939.7
2017-03-25,966.3
2017-03-26,969.44
2017-03-27,1045.14
2017-03-28,1044.42
2017-03-29,1041.9
2017-03-30,1037.91
2017-03-31,1079.11
2017-04-01,1086.12
2017-04-02,1097.4
2017-04-03,1147.56
2017-04-04,1141.77
2017-04-05,1129.87
2017-04-06,1188.7
2017-04-07,1190.49
2017-04-08,1180.78
2017-04-09,1204.34
2017-04-10,1206.71
2017-04-11,1220.74
2017-04-12,1212.53
2017-04-13,1176.2
2017-04-14,1177.33
2017-04-15,1176.99
2017-04-16,1176.8
2017-04-17,1194.01
2017-04-18,1206.09
2017-04-19,1215.2
2017-04-20,1238.09
2017-04-21,1249.64
2017-04-22,1240.89
2017-04-23,1249.14
2017-04-24,1248.18
2017-04-25,1264.31
2017-04-26,1286.63
2017-04-27,1332.91
2017-04-28,1329.62
2017-04-29,1336.28
2017-04-30,1351.91
2017-05-01,1415.81
2017-05-02,1445.93
2017-05-03,1485.55
2017-05-04,1516.76
2017-05-05,1507.77
2017-05-06,1545.29
2017-05-07,1554.45
2017-05-08,1664.47
2017-05-09,1697.5
2017-05-10,1752.31
2017-05-11,1819.29
2017-05-12,1686.39
2017-05-13,1763.74
2017-05-14,1772.55
2017-05-15,1708.92
2017-05-16,1729.34
2017-05-17,1801.3
2017-05-18,1880.99
2017-05-19,1962.0
2017-05-20,2040.18
2017-05-21,2044.19
2017-05-22,2124.41
2017-05-23,2272.58
2017-05-24,2445.28
2017-05-25,2307.22
2017-05-26,2244.89
2017-05-27,2052.43
2017-05-28,2189.02
2017-05-29,2278.21
2017-05-30,2192.55
2017-05-31,2303.34
2017-06-01,2412.65
2017-06-02,2492.6
2017-06-03,2545.43
2017-06-04,2524.06
2017-06-05,2704.96
2017-06-06,2870.5
2017-06-07,2691.51
2017-06-08,2798.78
2017-06-09,2811.43
2017-06-10,2900.25
2017-06-11,2973.45
2017-06-12,2656.77
2017-06-13,2712.99
2017-06-14,2467.27
2017-06-15,2442.46
2017-06-16,2508.58
2017-06-17,2655.1
2017-06-18,2539.56
2017-06-19,2616.82
2017-06-20,2754.38
2017-06-21,2677.62
2017-06-22,2722.84
2017-06-23,2710.37
2017-06-24,2590.05
2017-06-25,2541.62
2017-06-26,2446.05
2017-06-27,2583.75
2017-06-28,2577.74
2017-06-29,2558.37
2017-06-30,2480.61
2017-07-01,2424.61
2017-07-02,2536.46
2017-07-03,2572.47
2017-07-04,2617.32
2017-07-05,2627.86
2017-07-06,2614.24
2017-07-07,2513.88
2017-07-08,2564.86
2017-07-09,2511.43
2017-07-10,2344.02
2017-07-11,2324.29
2017-07-12,2403.09
2017-07-13,2362.44
2017-07-14,2234.17
2017-07-15,1975.08
2017-07-16,1914.09
2017-07-17,2233.39
2017-07-18,2320.23
2017-07-19,2282.58
2017-07-20,2866.02
2017-07-21,2675.08
2017-07-22,2836.53
2017-07-23,2756.61
2017-07-24,2763.42
2017-07-25,2582.58
2017-07-26,2559.21
2017-07-27,2691.88
2017-07-28,2806.75
2017-07-29,2733.5
2017-07-30,2766.49
2017-07-31,2883.27
2017-08-01,2746.99
2017-08-02,2720.53
2017-08-03,2809.99
2017-08-04,2878.49
2017-08-05,3262.8
2017-08-06,3232.03
2017-08-07,3401.91
2017-08-08,3429.38
2017-08-09,3348.79
2017-08-10,3425.67
2017-08-11,3654.37
2017-08-12,3871.62
2017-08-13,4062.6
2017-08-14,4327.94
2017-08-15,4161.66
2017-08-16,4387.4
2017-08-17,4278.92
2017-08-18,4105.37
2017-08-19,4150.45
2017-08-20,4066.6
2017-08-21,4005.1
2017-08-22,4089.7
2017-08-23,4141.09
2017-08-24,4318.35
2017-08-25,4364.41
2017-08-26,4352.3
2017-08-27,4345.75
2017-08-28,4390.31
2017-08-29,4597.31
2017-08-30,4583.02
2017-08-31,4735.11
2017-09-01,4921.85
2017-09-02,4573.8
2017-09-03,4612.92
2017-09-04,4267.45
2017-09-05,4409.08
2017-09-06,4618.71
2017-09-07,4635.6
2017-09-08,4326.45
2017-09-09,4335.13
2017-09-10,4245.89
2017-09-11,4217.9
2017-09-12,4158.92
2017-09-13,3870.29
2017-09-14,3243.08
2017-09-15,3713.76
2017-09-16,3698.92
2017-09-17,3689.61
2017-09-18,4100.28
2017-09-19,3907.96
2017-09-20,3882.16
2017-09-21,3617.27
2017-09-22,3600.83
2017-09-23,3788.02
2017-09-24,3667.52
2017-09-25,3932.83
2017-09-26,3892.7
2017-09-27,4212.2
2017-09-28,4195.65
2017-09-29,4172.79
2017-09-30,4360.62
2017-10-01,4403.09
2017-10-02,4401.32
2017-10-03,4314.18
2017-10-04,4218.66
2017-10-05,4321.44
2017-10-06,4371.94
2017-10-07,4435.81
2017-10-08,4611.7
2017-10-09,4777.49
2017-10-10,4763.36
2017-10-11,4824.2
2017-10-12,5432.62
2017-10-13,5637.26
2017-10-14,5824.71
2017-10-15,5688.14
2017-10-16,5759.33
2017-10-17,5598.58
2017-10-18,5575.83
2017-10-19,5698.65
2017-10-20,5993.11
2017-10-21,6006.65
2017-10-22,5982.86
2017-10-23,5903.61
2017-10-24,5513.08
2017-10-25,5734.0
2017-10-26,5887.61
2017-10-27,5764.56
2017-10-28,5726.61
2017-10-29,6147.52
2017-10-30,6124.28
2017-10-31,6451.24
2017-11-01,6737.78
2017-11-02,7024.81
2017-11-03,7152.12
2017-11-04,7363.8
2017-11-05,7389.55
2017-11-06,6959.23
2017-11-07,7102.75
2017-11-08,7444.36
2017-11-09,7129.59
2017-11-10,6565.8
2017-11-11,6339.86
2017-11-12,5878.13
2017-11-13,6522.45
2017-11-14,6597.06
2017-11-15,7283.22
2017-11-16,7853.68
2017-11-17,7699.95
2017-11-18,7780.91
2017-11-19,8042.64
2017-11-20,8244.69
2017-11-21,8099.97
2017-11-22,8234.55
2017-11-23,8013.41
2017-11-24,8200.8
2017-11-25,8754.69
2017-11-26,9318.42
2017-11-27,9733.2
2017-11-28,9906.04
2017-11-29,9837.86
2017-11-30,9946.76
2017-12-01,10861.47
2017-12-02,10912.73
2017-12-03,11246.21
2017-12-04,11623.91
2017-12-05,11667.13
2017-12-06,13749.57
2017-12-07,16850.31
2017-12-08,16047.61
2017-12-09,14843.42
2017-12-10,15059.6
2017-12-11,16732.47
2017-12-12,17083.9
2017-12-13,16286.82
2017-12-14,16467.91
2017-12-15,17604.85
2017-12-16,19345.49
2017-12-17,19065.71
2017-12-18,18972.32
2017-12-19,17523.7
2017-12-20,16461.97
2017-12-21,15632.12
2017-12-22,13664.97
2017-12-23,14396.46
2017-12-24,13789.95
2017-12-25,13833.49
2017-12-26,15756.56
2017-12-27,15416.64
2017-12-28,14398.7
2017-12-29,14392.57
2017-12-30,12531.52
2017-12-31,13850.4
2018-01-01,13444.88
2018-01-02,14754.13
2018-01-03,15156.62
2018-01-04,15180.08
2018-01-05,16954.78
2018-01-06,17172.3
2018-01-07,16228.16
2018-01-08,14976.17
2018-01-09,14468.5
2018-01-10,14919.49
2018-01-11,13308.06
2018-01-12,13841.19
2018-01-13,14243.12
2018-01-14,13638.63
2018-01-15,13631.98
2018-01-16,11282.49
2018-01-17,11162.7
2018-01-18,11175.52
2018-01-19,11521.76
2018-01-20,12783.94
2018-01-21,11549.93
2018-01-22,10814.52
2018-01-23,10858.23
2018-01-24,11429.02
2018-01-25,11175.87
2018-01-26,11104.2
2018-01-27,11459.71
2018-01-28,11767.74
2018-01-29,11233.95
2018-01-30,10107.26
2018-01-31,10226.86
2018-02-01,9114.72
2018-02-02,8870.82
2018-02-03,9251.27
2018-02-04,8218.05
2018-02-05,6937.08
2018-02-06,7701.25
2018-02-07,7592.72
2018-02-08,8260.69
2018-02-09,8696.83
2018-02-10,8569.29
2018-02-11,8084.61
2018-02-12,8911.27
2018-02-13,8544.69
2018-02-14,9485.64
2018-02-15,10033.75
2018-02-16,10188.73
2018-02-17,11097.21
2018-02-18,10417.23
2018-02-19,11182.28
2018-02-20,11256.43
2018-02-21,10481.66
2018-02-22,9847.96
2018-02-23,10175.51
2018-02-24,9705.73
2018-02-25,9610.11
2018-02-26,10326.5
2018-02-27,10594.76
2018-02-28,10334.44
2018-03-01,10929.37
2018-03-02,11043.12
2018-03-03,11465.36
2018-03-04,11504.42
2018-03-05,11440.73
2018-03-06,10735.45
2018-03-07,9928.56
2018-03-08,9316.72
2018-03-09,9252.76
2018-03-10,8797.27
2018-03-11,9544.84
2018-03-12,9142.15
2018-03-13,9160.12
2018-03-14,8217.7
2018-03-15,8268.41
2018-03-16,8283.23
2018-03-17,7883.45
2018-03-18,8215.4
2018-03-19,8623.14
2018-03-20,8920.71
2018-03-21,8911.35
2018-03-22,8724.98
2018-03-23,8934.8
2018-03-24,8548.06
2018-03-25,8472.84
2018-03-26,8152.2
2018-03-27,7808.48
2018-03-28,7959.78
2018-03-29,7106.62
2018-03-30,6853.76
2018-03-31,6943.77
2018-04-01,6835.84
2018-04-02,7074.6
2018-04-03,7434.3
2018-04-04,6815.5
2018-04-05,6790.45
2018-04-06,6634.86
2018-04-07,6917.2
2018-04-08,7049.92
2018-04-09,6789.53
2018-04-10,6871.07
2018-04-11,6977.13
2018-04-12,7927.73
2018-04-13,7899.11
2018-04-14,8022.51
2018-04-15,8376.73
2018-04-16,8079.77
2018-04-17,7921.63
2018-04-18,8189.96
2018-04-19,8301.82
2018-04-20,8877.08
2018-04-21,8935.72
2018-04-22,8823.36
2018-04-23,8968.25
2018-04-24,9655.77
2018-04-25,8873.62
2018-04-26,9282.12
2018-04-27,8938.47
2018-04-28,9351.47
2018-04-29,9407.04
2018-04-30,9248.45
2018-05-01,9077.28
2018-05-02,9232.19
2018-05-03,9745.04
2018-05-04,9699.61
2018-05-05,9845.9
2018-05-06,9644.92
2018-05-07,9377.81
2018-05-08,9196.13
2018-05-09,9321.16
2018-05-10,9032.22
2018-05-11,8421.0
2018-05-12,8486.67
2018-05-13,8709.46
2018-05-14,8672.9
2018-05-15,8480.16
2018-05-16,8344.78
2018-05-17,8071.04
2018-05-18,8247.91
2018-05-19,8249.24
2018-05-20,8533.0
2018-05-21,8419.65
2018-05-22,7992.75
2018-05-23,7505.77
2018-05-24,7584.74
2018-05-25,7475.36
2018-05-26,7355.06
2018-05-27,7362.23
2018-05-28,7118.88
2018-05-29,7474.75
2018-05-30,7393.02
2018-05-31,7502.15
2018-06-01,7530.55
2018-06-02,7643.26
2018-06-03,7719.75
2018-06-04,7503.2
2018-06-05,7629.4
2018-06-06,7661.79
2018-06-07,7700.11
2018-06-08,7627.52
2018-06-09,7513.69
2018-06-10,6773.72
2018-06-11,6887.37
2018-06-12,6556.94
2018-06-13,6310.43
2018-06-14,6643.26
2018-06-15,6396.71
2018-06-16,6503.1
2018-06-17,6457.78
2018-06-18,6714.82
2018-06-19,6741.28
2018-06-20,6761.27
2018-06-21,6720.64
2018-06-22,6051.47
2018-06-23,6166.54
2018-06-24,6157.78
2018-06-25,6260.35
2018-06-26,6088.39
2018-06-27,6141.57
2018-06-28,5871.28
2018-06-29,6203.8
2018-06-30,6385.38
2018-07-01,6339.04
2018-07-02,6615.66
2018-07-03,6509.58
2018-07-04,6590.06
2018-07-05,6534.81
2018-07-06,6602.02
2018-07-07,6758.08
2018-07-08,6707.38
2018-07-09,6668.84
2018-07-10,6306.85
2018-07-11,6394.36
2018-07-12,6253.6
2018-07-13,6229.83
2018-07-14,6268.75
2018-07-15,6364.26
2018-07-16,6740.55
2018-07-17,7326.7
2018-07-18,7383.39
2018-07-19,7477.5
2018-07-20,7333.93
2018-07-21,7405.4
2018-07-22,7398.64
2018-07-23,7718.0
2018-07-24,8395.82
2018-07-25,8170.23
2018-07-26,7937.25
2018-07-27,8182.89
2018-07-28,8230.87
2018-07-29,8216.78
2018-07-30,8176.06
2018-07-31,7735.3
2018-08-01,7610.9
2018-08-02,7542.34
2018-08-03,7417.6
2018-08-04,7017.89
2018-08-05,7042.39
2018-08-06,6945.78
2018-08-07,6723.21
2018-08-08,6285.02
2018-08-09,6543.24
2018-08-10,6153.41
2018-08-11,6242.54
2018-08-12,6322.92
2018-08-13,6263.2
2018-08-14,6199.6
2018-08-15,6274.22
2018-08-16,6323.81
2018-08-17,6591.16
2018-08-18,6405.71
2018-08-19,6502.18
2018-08-20,6269.9
2018-08-21,6491.11
2018-08-22,6366.13
2018-08-23,6538.95
2018-08-24,6708.96
2018-08-25,6749.56
2018-08-26,6720.6
2018-08-27,6915.73
2018-08-28,7091.38
2018-08-29,7052.0
2018-08-30,6998.76
2018-08-31,7026.96
2018-09-01,7203.46
2018-09-02,7301.26
2018-09-03,7270.05
2018-09-04,7369.86
2018-09-05,6705.03
2018-09-06,6515.42
2018-09-07,6411.78
2018-09-08,6200.16
2018-09-09,6249.07
2018-09-10,6324.43
2018-09-11,6295.54
2018-09-12,6337.11
2018-09-13,6492.0
2018-09-14,6486.01
2018-09-15,6522.08
2018-09-16,6502.44
2018-09-17,6261.48
2018-09-18,6346.44
2018-09-19,6398.8
2018-09-20,6505.9
2018-09-21,6762.06
2018-09-22,6716.6
2018-09-23,6702.7
2018-09-24,6583.53
2018-09-25,6437.74
2018-09-26,6462.6
2018-09-27,6686.13
2018-09-28,6635.38
2018-09-29,6603.75
2018-09-30,6623.71
2018-10-01,6594.98
2018-10-02,6525.47
2018-10-03,6492.26
2018-10-04,6579.79
2018-10-05,6632.87
2018-10-06,6589.94
2018-10-07,6601.15
2018-10-08,6650.07
2018-10-09,6631.79
2018-10-10,6581.07
2018-10-11,6209.47
2018-10-12,6250.85
2018-10-13,6267.27
2018-10-14,6277.73
2018-10-15,6612.36
2018-10-16,6583.05
2018-10-17,6574.52
2018-10-18,6488.72
2018-10-19,6469.28
2018-10-20,6490.56
2018-10-21,6509.87
2018-10-22,6483.23
2018-10-23,6470.22
2018-10-24,6476.25
2018-10-25,6462.77
2018-10-26,6457.21
2018-10-27,6470.17
2018-10-28,6470.74
2018-10-29,6313.91
2018-10-30,6309.11
2018-10-31,6342.61
2018-11-01,6381.3
2018-11-02,6394.66
2018-11-03,6376.32
2018-11-04,6467.05
2018-11-05,6433.74
2018-11-06,6479.72
2018-11-07,6529.68
2018-11-08,6446.06
2018-11-09,6377.99
2018-11-10,6396.37
2018-11-11,6408.18
2018-11-12,6375.08
2018-11-13,6339.17
2018-11-14,5741.47
2018-11-15,5647.5
2018-11-16,5586.27
2018-11-17,5568.94
2018-11-18,5615.26
2018-11-19,4809.62
2018-11-20,4441.81
2018-11-21,4593.04
2018-11-22,4320.68
2018-11-23,4343.42
2018-11-24,3854.11
2018-11-25,4004.15
2018-11-26,3784.59
2018-11-27,3822.99
2018-11-28,4263.55
2018-11-29,4286.69
2018-11-30,4009.67
2018-12-01,4197.46
2018-12-02,4143.86
2018-12-03,3871.41
2018-12-04,3948.44
2018-12-05,3737.53
2018-12-06,3485.18
2018-12-07,3420.57
2018-12-08,3461.07
2018-12-09,3592.84
2018-12-10,3467.16
2018-12-11,3401.02
2018-12-12,3485.59
2018-12-13,3305.11
2018-12-14,3235.48
2018-12-15,3232.51
2018-12-16,3255.37
2018-12-17,3548.19
2018-12-18,3715.85
2018-12-19,3736.54
2018-12-20,4137.66
2018-12-21,3898.81
2018-12-22,4045.24
2018-12-23,4007.63
2018-12-24,4081.95
2018-12-25,3834.73
2018-12-26,3848.78
2018-12-27,3646.09
2018-12-28,3947.86
2018-12-29,3797.06
2018-12-30,3896.21
2018-12-31,3747.39
2019-01-01,3880.15
2019-01-02,3961.01
2019-01-03,3835.86
2019-01-04,3874.06
2019-01-05,3855.39
2019-01-06,4102.85
2019-01-07,4050.4
2019-01-08,4040.75
2019-01-09,4048.34
2019-01-10,3668.15
2019-01-11,3669.2
2019-01-12,3664.38
2019-01-13,3551.24
2019-01-14,3703.9
2019-01-15,3621.24
2019-01-16,3643.99
2019-01-17,3685.3
2019-01-18,3648.05
2019-01-19,3729.78
2019-01-20,3567.73
2019-01-21,3571.92
2019-01-22,3602.04
2019-01-23,3572.05
2019-01-24,3598.52
2019-01-25,3582.89
2019-01-26,3596.5
2019-01-27,3565.08
2019-01-28,3453.42
2019-01-29,3418.25
2019-01-30,3467.21
2019-01-31,3434.13
2019-02-01,3461.63
2019-02-02,3508.68
2019-02-03,3449.62
2019-02-04,3431.24
2019-02-05,3447.66
2019-02-06,3394.89
2019-02-07,3375.33
2019-02-08,3660.03
2019-02-09,3652.26
2019-02-10,3685.14
2019-02-11,3611.34
2019-02-12,3617.41
2019-02-13,3605.87
2019-02-14,3588.72
2019-02-15,3593.49
2019-02-16,3617.24
2019-02-17,3670.92
2019-02-18,3912.57
2019-02-19,3924.24
2019-02-20,3974.05
2019-02-21,3937.04
2019-02-22,3983.53
2019-02-23,4149.09
2019-02-24,3771.62
2019-02-25,3845.51
2019-02-26,3817.88
2019-02-27,3830.72
2019-02-28,3823.37
2019-03-01,3831.48
2019-03-02,3842.94
2019-03-03,3812.31
2019-03-04,3731.28
2019-03-05,3874.18
2019-03-06,3874.98
2019-03-07,3882.61
2019-03-08,3868.02
2019-03-09,3947.74
2019-03-10,3929.84
2019-03-11,3874.89
2019-03-12,3888.57
2019-03-13,3878.44
2019-03-14,3881.44
2019-03-15,3927.08
2019-03-16,4027.01
2019-03-17,3998.0
2019-03-18,3988.85
2019-03-19,4024.14
2019-03-20,4056.75
2019-03-21,3996.93
2019-03-22,4000.84
2019-03-23,4007.21
2019-03-24,3994.11
2019-03-25,3924.55
2019-03-26,3942.22
2019-03-27,4045.98
2019-03-28,4036.45
2019-03-29,4111.38
2019-03-30,4118.13
2019-03-31,4112.69
2019-04-01,4151.32
2019-04-02,4906.93
2019-04-03,4976.59
2019-04-04,4913.36
2019-04-05,5047.23
2019-04-06,5057.25
2019-04-07,5201.16
2019-04-08,5294.09
2019-04-09,5201.3
2019-04-10,5318.6
2019-04-11,5048.56
2019-04-12,5081.5
2019-04-13,5080.66
2019-04-14,5165.59
2019-04-15,5037.27
2019-04-16,5212.81
2019-04-17,5236.26
2019-04-18,5289.75
2019-04-19,5295.53
2019-04-20,5326.18
2019-04-21,5305.74
2019-04-22,5394.67
2019-04-23,5539.1
2019-04-24,5454.58
2019-04-25,5162.67
2019-04-26,5234.09
2019-04-27,5229.48
2019-04-28,5272.45
2019-04-29,5237.96
2019-04-30,5350.64
2019-05-01,5389.54
2019-05-02,5500.72
2019-05-03,5753.38
2019-05-04,5840.08
2019-05-05,5794.14
2019-05-06,5748.17
2019-05-07,5819.57
2019-05-08,5998.71
2019-05-09,6171.96
2019-05-10,6358.29
2019-05-11,7191.36
2019-05-12,6977.63
2019-05-13,7806.36
2019-05-14,7980.13
2019-05-15,8183.83
2019-05-16,7874.11
2019-05-17,7371.96
2019-05-18,7266.08
2019-05-19,8193.14
2019-05-20,7998.29
2019-05-21,7947.93
2019-05-22,7626.89
2019-05-23,7876.5
2019-05-24,7996.4
2019-05-25,8059.13
2019-05-26,8726.23
2019-05-27,8785.17
2019-05-28,8718.85
2019-05-29,8664.56
2019-05-30,8276.25
2019-05-31,8550.67
2019-06-01,8555.87
2019-06-02,8737.91
2019-06-03,8114.49
2019-06-04,7677.47
2019-06-05,7791.29
2019-06-06,7807.36
2019-06-07,8002.63
2019-06-08,7933.78
2019-06-09,7643.44
2019-06-10,8021.0
2019-06-11,7917.32
2019-06-12,8174.14
2019-06-13,8235.57
2019-06-14,8693.96
2019-06-15,8853.56
2019-06-16,8979.18
2019-06-17,9336.01
2019-06-18,9081.71
2019-06-19,9280.54
2019-06-20,9536.85
2019-06-21,10218.87
2019-06-22,10689.54
2019-06-23,10855.99
2019-06-24,11035.74
2019-06-25,11740.34
2019-06-26,12913.28
2019-06-27,11154.09
2019-06-28,12355.06
2019-06-29,11884.1
2019-06-30,10769.05
2019-07-01,10591.87
2019-07-02,10844.13
2019-07-03,11981.61
2019-07-04,11156.52
2019-07-05,10993.25
2019-07-06,11248.94
2019-07-07,11474.28
2019-07-08,12296.16
2019-07-09,12567.02
2019-07-10,12099.12
2019-07-11,11343.12
2019-07-12,11797.37
2019-07-13,11363.97
2019-07-14,10204.41
2019-07-15,10850.26
2019-07-16,9423.44
2019-07-17,9696.15
2019-07-18,10638.35
2019-07-19,10532.94
2019-07-20,10759.42
2019-07-21,10586.71
2019-07-22,10325.87
2019-07-23,9854.15
2019-07-24,9772.14
2019-07-25,9882.43
2019-07-26,9847.45
2019-07-27,9478.32
2019-07-28,9531.77
2019-07-29,9506.93
2019-07-30,9595.52
2019-07-31,10089.25
2019-08-01,10409.79
2019-08-02,10528.99
2019-08-03,10820.41
2019-08-04,10978.91
2019-08-05,11807.96
2019-08-06,11467.1
2019-08-07,11974.28
2019-08-08,11982.8
2019-08-09,11865.21
2019-08-10,11293.59
2019-08-11,11549.06
2019-08-12,11387.41
2019-08-13,10872.0
2019-08-14,10031.89
2019-08-15,10308.51
2019-08-16,10360.43
2019-08-17,10220.75
2019-08-18,10326.25
2019-08-19,10922.16
2019-08-20,10770.76
2019-08-21,10131.67
2019-08-22,10104.11
2019-08-23,10410.49
2019-08-24,10150.07
2019-08-25,10141.75
2019-08-26,10364.91
2019-08-27,10175.47
2019-08-28,9722.83
2019-08-29,9492.81
2019-08-30,9587.25
2019-08-31,9624.54
2019-09-01,9768.36
2019-09-02,10387.5
2019-09-03,10625.1
2019-09-04,10585.2
2019-09-05,10556.16
2019-09-06,10309.91
2019-09-07,10491.96
2019-09-08,10420.88
2019-09-09,10314.88
2019-09-10,10109.46
2019-09-11,10165.01
2019-09-12,10428.96
2019-09-13,10372.29
2019-09-14,10365.56
2019-09-15,10313.02
2019-09-16,10271.79
2019-09-17,10198.62
2019-09-18,10163.38
2019-09-19,10281.03
2019-09-20,10176.38
2019-09-21,9988.38
2019-09-22,10036.98
2019-09-23,9694.6
2019-09-24,8542.54
2019-09-25,8446.97
2019-09-26,8074.99
2019-09-27,8201.36
2019-09-28,8223.65
2019-09-29,8065.26
2019-09-30,8314.62
2019-10-01,8326.64
2019-10-02,8391.52
2019-10-03,8246.3
2019-10-04,8168.05
2019-10-05,8172.48
2019-10-06,7868.31
2019-10-07,8215.11
2019-10-08,8191.87
2019-10-09,8593.16
2019-10-10,8596.57
2019-10-11,8278.05
2019-10-12,8316.66
2019-10-13,8296.34
2019-10-14,8363.94
2019-10-15,8173.48
2019-10-16,8014.39
2019-10-17,8082.46
2019-10-18,7972.62
2019-10-19,7973.63
2019-10-20,8247.25
2019-10-21,8223.25
2019-10-22,8034.5
2019-10-23,7479.54
2019-10-24,7444.2
2019-10-25,8671.1
2019-10-26,9258.98
2019-10-27,9550.6
2019-10-28,9222.23
2019-10-29,9432.86
2019-10-30,9169.86
2019-10-31,9157.52
2019-11-01,9260.59
2019-11-02,9311.99
2019-11-03,9221.61
2019-11-04,9421.54
2019-11-05,9323.61
2019-11-06,9347.27
2019-11-07,9208.52
2019-11-08,8772.31
2019-11-09,8822.19
2019-11-10,9045.85
2019-11-11,8726.31
2019-11-12,8815.14
2019-11-13,8773.82
2019-11-14,8640.42
2019-11-15,8468.57
2019-11-16,8498.94
2019-11-17,8515.28
2019-11-18,8190.16
2019-11-19,8133.57
2019-11-20,8093.6
2019-11-21,7632.59
2019-11-22,7292.2
2019-11-23,7339.24
2019-11-24,6930.09
2019-11-25,7138.23
2019-11-26,7170.11
2019-11-27,7531.5
2019-11-28,7442.33
2019-11-29,7769.38
2019-11-30,7571.77
2019-12-01,7420.53
2019-12-02,7320.94
2019-12-03,7313.64
2019-12-04,7207.78
2019-12-05,7406.75
2019-12-06,7558.58
2019-12-07,7514.86
2019-12-08,7539.7
2019-12-09,7350.62
2019-12-10,7233.84
2019-12-11,7212.01
2019-12-12,7199.39
2019-12-13,7261.72
2019-12-14,7080.29
2019-12-15,7132.39
2019-12-16,6897.33
2019-12-17,6635.84
2019-12-18,7294.53
2019-12-19,7159.26
2019-12-20,7203.41
2019-12-21,7159.47
2019-12-22,7517.58
2019-12-23,7326.6
2019-12-24,7260.91
2019-12-25,7202.72
2019-12-26,7207.23
2019-12-27,7253.82
2019-12-28,7316.23
2019-12-29,7399.49
2019-12-30,7234.44
2019-12-31,7183.88
2020-01-01,7189.94
2020-01-02,6965.72
2020-01-03,7339.7
2020-01-04,7357.5
2020-01-05,7359.96
2020-01-06,7762.69
2020-01-07,8160.36
2020-01-08,8045.15
2020-01-09,7817.35
2020-01-10,8190.31
2020-01-11,8024.58
2020-01-12,8181.49
2020-01-13,8106.56
2020-01-14,8820.95
2020-01-15,8813.21
2020-01-16,8719.63
2020-01-17,8894.83
2020-01-18,8909.28
2020-01-19,8702.59
2020-01-20,8634.03
2020-01-21,8724.84
2020-01-22,8667.26
2020-01-23,8394.28
2020-01-24,8431.78
2020-01-25,8345.88
2020-01-26,8602.37
2020-01-27,8898.94
2020-01-28,9391.97
2020-01-29,9286.18
2020-01-30,9501.38
2020-01-31,9342.23
2020-02-01,9384.45
2020-02-02,9334.25
2020-02-03,9288.96
2020-02-04,9171.98
2020-02-05,9611.42
2020-02-06,9755.84
2020-02-07,9808.36
2020-02-08,9898.25
2020-02-09,10157.78
2020-02-10,9858.03
2020-02-11,10269.43
2020-02-12,10347.93
2020-02-13,10233.32
2020-02-14,10360.37
2020-02-15,9905.43
2020-02-16,9925.51
2020-02-17,9702.48
2020-02-18,10182.6
2020-02-19,9602.43
2020-02-20,9608.8
2020-02-21,9697.86
2020-02-22,9671.46
2020-02-23,9977.39
2020-02-24,9664.21
2020-02-25,9316.18
2020-02-26,8793.5
2020-02-27,8821.5
2020-02-28,8719.29
2020-02-29,8545.45
2020-03-01,8549.38
2020-03-02,8919.74
2020-03-03,8765.68
2020-03-04,8773.78
2020-03-05,9074.82
2020-03-06,9160.39
2020-03-07,8903.72
2020-03-08,8057.67
2020-03-09,7944.4
2020-03-10,7894.66
2020-03-11,7945.36
2020-03-12,4916.78
2020-03-13,5632.58
2020-03-14,5181.77
2020-03-15,5357.02
2020-03-16,5045.0
2020-03-17,5337.66
2020-03-18,5413.06
2020-03-19,6184.88
2020-03-20,6206.44
2020-03-21,6195.43
2020-03-22,5828.15
2020-03-23,6503.53
2020-03-24,6767.18
2020-03-25,6694.21
2020-03-26,6757.95
2020-03-27,6382.8
2020-03-28,6252.49
2020-03-29,5882.2
2020-03-30,6403.31
2020-03-31,6423.61
2020-04-01,6663.63
2020-04-02,6804.42
2020-04-03,6743.68
2020-04-04,6875.95
2020-04-05,6781.64
2020-04-06,7347.22
2020-04-07,7201.57
2020-04-08,7367.37
2020-04-09,7294.55
2020-04-10,6876.49
2020-04-11,6887.6
2020-04-12,6913.76
2020-04-13,6859.43
2020-04-14,6879.44
2020-04-15,6629.54
2020-04-16,7114.55
2020-04-17,7037.12
2020-04-18,7264.29
2020-04-19,7132.88
2020-04-20,6842.45
2020-04-21,6855.11
2020-04-22,7135.41
2020-04-23,7489.25
2020-04-24,7509.44
2020-04-25,7546.92
2020-04-26,7701.35
2020-04-27,7787.41
2020-04-28,7760.32
2020-04-29,8784.96
2020-04-30,8637.56
2020-05-01,8829.12
2020-05-02,8981.11
2020-05-03,8907.19
2020-05-04,8881.65
2020-05-05,9029.75
2020-05-06,9153.2
2020-05-07,9999.93
2020-05-08,9808.18
2020-05-09,9541.13
2020-05-10,8735.05
2020-05-11,8568.88
2020-05-12,8821.18
2020-05-13,9317.44
2020-05-14,9793.19
2020-05-15,9311.69
2020-05-16,9387.08
2020-05-17,9670.56
2020-05-18,9722.73
2020-05-19,9780.2
2020-05-20,9509.45
2020-05-21,9059.11
2020-05-22,9170.74
2020-05-23,9186.19
2020-05-24,8718.49
2020-05-25,8901.48
2020-05-26,8844.5
2020-05-27,9204.62
2020-05-28,9579.71
2020-05-29,9424.62
2020-05-30,9699.78
2020-05-31,9450.47
2020-06-01,10211.23
2020-06-02,9523.75
2020-06-03,9666.06
2020-06-04,9794.55
2020-06-05,9622.02
2020-06-06,9671.46
2020-06-07,9750.7
2020-06-08,9782.58
2020-06-09,9779.7
2020-06-10,9891.84
2020-06-11,9268.13
2020-06-12,9464.23
2020-06-13,9474.65
2020-06-14,9333.7
2020-06-15,9429.65
2020-06-16,9526.7
2020-06-17,9459.13
2020-06-18,9380.67
2020-06-19,9301.83
2020-06-20,9359.18
2020-06-21,9292.81
2020-06-22,9691.61
2020-06-23,9624.3
2020-06-24,9292.94
2020-06-25,9241.32
2020-06-26,9158.07
2020-06-27,9007.14
2020-06-28,9120.39
2020-06-29,9187.07
2020-06-30,9136.47
2020-07-01,9238.89
2020-07-02,9092.8
2020-07-03,9066.46
2020-07-04,9142.2
2020-07-05,9081.44
2020-07-06,9347.05
2020-07-07,9257.32
2020-07-08,9439.2
2020-07-09,9238.95
2020-07-10,9288.57
2020-07-11,9237.13
2020-07-12,9300.95
2020-07-13,9237.89
2020-07-14,9256.07
2020-07-15,9193.22
2020-07-16,9133.23
2020-07-17,9156.79
2020-07-18,9177.22
2020-07-19,9216.02
2020-07-20,9164.42
2020-07-21,9392.83
2020-07-22,9537.24
2020-07-23,9615.21
2020-07-24,9550.23
2020-07-25,9708.41
2020-07-26,9942.01
2020-07-27,11042.94
2020-07-28,10933.26
2020-07-29,11112.04
2020-07-30,11113.66
2020-07-31,11352.72
2020-08-01,11812.42
2020-08-02,11063.5
2020-08-03,11234.73
2020-08-04,11194.18
2020-08-05,11752.05
2020-08-06,11771.27
2020-08-07,11603.82
2020-08-08,11770.77
2020-08-09,11686.34
2020-08-10,11897.41
2020-08-11,11389.01
2020-08-12,11570.19
2020-08-13,11790.68
2020-08-14,11774.52
2020-08-15,11860.91
2020-08-16,11917.97
2020-08-17,12301.19
2020-08-18,11956.69
2020-08-19,11760.37
2020-08-20,11863.43
2020-08-21,11527.35
2020-08-22,11670.42
2020-08-23,11651.52
2020-08-24,11756.4
2020-08-25,11330.56
2020-08-26,11466.89
2020-08-27,11331.02
2020-08-28,11535.21
2020-08-29,11480.48
2020-08-30,11716.54
2020-08-31,11657.81
2020-09-01,11926.69
2020-09-02,11397.9
2020-09-03,10174.62
2020-09-04,10467.33
2020-09-05,10167.97
2020-09-06,10260.37
2020-09-07,10379.08
2020-09-08,10128.54
2020-09-09,10228.85
2020-09-10,10345.68
2020-09-11,10398.5
2020-09-12,10448.0
2020-09-13,10332.36
2020-09-14,10678.31
2020-09-15,10786.7
2020-09-16,10957.1
2020-09-17,10945.14
2020-09-18,10937.89
2020-09-19,11083.61
2020-09-20,10921.85
2020-09-21,10418.14
2020-09-22,10534.73
2020-09-23,10238.09
2020-09-24,10742.98
2020-09-25,10694.12
2020-09-26,10734.23
2020-09-27,10781.47
2020-09-28,10699.0
2020-09-29,10841.29
2020-09-30,10779.42
2020-10-01,10622.79
2020-10-02,10576.64
2020-10-03,10552.04
2020-10-04,10675.52
2020-10-05,10795.11
2020-10-06,10603.9
2020-10-07,10672.67
2020-10-08,10929.4
2020-10-09,11058.78
2020-10-10,11301.57
2020-10-11,11375.51
2020-10-12,11539.76
2020-10-13,11427.29
2020-10-14,11429.3
2020-10-15,11508.31
2020-10-16,11326.25
2020-10-17,11367.65
2020-10-18,11513.33
2020-10-19,11756.88
2020-10-20,11921.78
2020-10-21,12813.11
2020-10-22,12990.25
2020-10-23,12937.2
2020-10-24,13126.13
2020-10-25,13041.21
2020-10-26,13069.43
2020-10-27,13646.02
2020-10-28,13285.97
2020-10-29,13462.18
2020-10-30,13565.95
2020-10-31,13803.41
2020-11-01,13761.72
2020-11-02,13571.24
2020-11-03,14023.78
2020-11-04,14157.73
2020-11-05,15599.92
2020-11-06,15590.62
2020-11-07,14838.16
2020-11-08,15488.25
2020-11-09,15335.03
2020-11-10,15313.73
2020-11-11,15707.08
2020-11-12,16306.53
2020-11-13,16332.85
2020-11-14,16075.95
2020-11-15,15964.7
2020-11-16,16721.46
2020-11-17,17681.54
2020-11-18,17786.27
2020-11-19,17824.64
2020-11-20,18672.78
2020-11-21,18704.06
2020-11-22,18430.59
2020-11-23,18385.74
2020-11-24,19157.16
2020-11-25,18725.76
2020-11-26,17175.86
2020-11-27,17155.0
2020-11-28,17739.9
2020-11-29,18199.23
2020-11-30,19686.87
2020-12-01,18792.03
2020-12-02,19226.19
2020-12-03,19448.44
2020-12-04,18665.0
2020-12-05,19156.84
2020-12-06,19378.94
2020-12-07,19181.41
2020-12-08,18323.52
2020-12-09,18549.92
2020-12-10,18250.47
2020-12-11,18034.86
2020-12-12,18814.98
2020-12-13,19169.05
2020-12-14,19274.69
2020-12-15,19441.96
2020-12-16,21352.13
2020-12-17,22822.17
2020-12-18,23135.57
2020-12-19,23844.72
2020-12-20,23467.06
2020-12-21,22727.13
2020-12-22,23823.32
2020-12-23,23239.5
2020-12-24,23724.2
2020-12-25,24707.98
2020-12-26,26445.7
2020-12-27,26249.27
2020-12-28,27039.45
2020-12-29,27360.78
2020-12-30,28889.61
2020-12-31,28972.4
2021-01-01,29388.94
2021-01-02,32203.64
2021-01-03,33063.48
2021-01-04,32030.55
2021-01-05,34038.29
2021-01-06,36849.86
2021-01-07,39479.41
2021-01-08,40636.24
2021-01-09,40236.66
2021-01-10,38202.08
2021-01-11,35496.03
2021-01-12,34058.4
2021-01-13,37380.85
2021-01-14,39155.58
2021-01-15,36790.17
2021-01-16,36025.26
2021-01-17,35839.51
2021-01-18,36623.04
2021-01-19,35932.79
2021-01-20,35501.38
2021-01-21,30840.3
2021-01-22,33008.02
2021-01-23,32107.29
2021-01-24,32283.66
2021-01-25,32275.27
2021-01-26,32516.52
2021-01-27,30423.05
2021-01-28,33443.87
2021-01-29,34252.08
2021-01-30,34317.82
2021-01-31,33143.22
2021-02-01,33535.94
2021-02-02,35524.43
2021-02-03,37677.34
2021-02-04,36983.42
2021-02-05,38310.24
2021-02-06,39267.01
2021-02-07,38868.82
2021-02-08,46437.41
2021-02-09,46509.57
2021-02-10,44854.95
2021-02-11,48006.18
2021-02-12,47435.54
2021-02-13,47222.32
2021-02-14,48652.87
2021-02-15,47936.51
2021-02-16,49184.63
2021-02-17,52154.91
2021-02-18,51591.61
2021-02-19,55933.47
2021-02-20,55900.84
2021-02-21,57469.95
2021-02-22,54121.17
2021-02-23,48898.7
2021-02-24,49738.17
2021-02-25,47082.87
2021-02-26,46324.5
2021-02-27,46191.39
2021-02-28,45261.03
2021-03-01,49635.07
2021-03-02,48501.21
2021-03-03,50392.55
2021-03-04,48363.74
2021-03-05,48775.37
2021-03-06,48892.8
2021-03-07,50964.18
2021-03-08,52405.02
2021-03-09,54928.7
2021-03-10,55893.31
2021-03-11,57809.41
2021-03-12,57256.22
2021-03-13,61179.79
2021-03-14,58998.89
2021-03-15,55665.01
2021-03-16,56925.01
2021-03-17,58909.0
2021-03-18,57643.32
2021-03-19,58060.21
2021-03-20,58101.34
2021-03-21,57374.95
2021-03-22,54095.36
2021-03-23,54355.45
2021-03-24,52303.02
2021-03-25,51336.09
2021-03-26,55055.43
2021-03-27,55863.73
2021-03-28,55781.01
2021-03-29,57626.1
2021-03-30,58781.54
2021-03-31,58793.8
2021-04-01,58730.82
2021-04-02,58987.8
2021-04-03,57074.97
2021-04-04,58219.43
2021-04-05,59119.56
2021-04-06,58010.35
2021-04-07,55951.98
2021-04-08,58084.46
2021-04-09,58106.85
2021-04-10,59784.8
2021-04-11,59980.45
2021-04-12,59845.76
2021-04-13,63558.48
2021-04-14,62964.27
2021-04-15,63233.03
2021-04-16,61416.41
2021-04-17,60056.07
2021-04-18,56246.82
2021-04-19,55680.11
2021-04-20,56496.06
2021-04-21,53803.25
2021-04-22,51717.61
2021-04-23,51178.03
2021-04-24,50115.99
2021-04-25,49120.97
2021-04-26,54062.29
2021-04-27,55073.48
2021-04-28,54877.94
2021-04-29,53581.58
2021-04-30,57757.97
2021-05-01,57843.16
2021-05-02,56623.51
2021-05-03,57195.07
2021-05-04,53244.07
2021-05-05,57506.88
2021-05-06,56441.94
2021-05-07,57374.33
2021-05-08,58943.13
2021-05-09,58294.18
2021-05-10,55870.01
2021-05-11,56747.52
2021-05-12,49504.08
2021-05-13,49700.6
2021-05-14,49887.96
2021-05-15,46775.29
2021-05-16,46490.71
2021-05-17,43552.14
2021-05-18,42886.02
2021-05-19,36771.87
2021-05-20,40597.4
2021-05-21,37350.39
2021-05-22,37491.5
2021-05-23,34716.84
2021-05-24,38837.76
2021-05-25,38387.36
2021-05-26,39295.08
2021-05-27,38538.84
2021-05-28,35680.92
2021-05-29,34611.58
2021-05-30,35662.59
2021-05-31,37290.83
2021-06-01,36683.51
2021-06-02,37576.98
2021-06-03,39229.66
2021-06-04,36861.5
2021-06-05,35538.4
2021-06-06,35798.57
2021-06-07,33582.86
2021-06-08,33409.38
2021-06-09,37391.58
2021-06-10,36680.78
2021-06-11,37339.98
2021-06-12,35541.78
2021-06-13,39017.37
2021-06-14,40526.63
2021-06-15,40161.86
2021-06-16,38345.41
2021-06-17,38082.3
2021-06-18,35830.29
2021-06-19,35515.38
2021-06-20,35602.26
2021-06-21,31652.62
2021-06-22,32537.58
2021-06-23,33678.64
2021-06-24,34649.84
2021-06-25,31593.86
2021-06-26,32307.35
2021-06-27,34713.81
2021-06-28,34487.11
2021-06-29,35901.41
2021-06-30,35056.39
2021-07-01,33543.11
2021-07-02,33804.54
2021-07-03,34682.84
2021-07-04,35287.97
2021-07-05,33702.79
2021-07-06,34237.66
2021-07-07,33880.79
2021-07-08,32874.01
2021-07-09,33804.2
2021-07-10,33515.13
2021-07-11,34249.3
2021-07-12,33088.51
2021-07-13,32737.47
2021-07-14,32820.5
2021-07-15,31867.46
2021-07-16,31401.76
2021-07-17,31546.64
2021-07-18,31806.3
2021-07-19,30847.55
2021-07-20,29795.55
2021-07-21,32139.48
2021-07-22,32299.47
2021-07-23,33637.92
2021-07-24,34282.56
2021-07-25,35369.93
2021-07-26,37269.52
2021-07-27,39496.69
2021-07-28,40030.01
2021-07-29,40030.52
2021-07-30,42231.83
2021-07-31,41474.72
2021-08-01,39870.76
2021-08-02,39158.53
2021-08-03,38189.3
2021-08-04,39738.56
2021-08-05,40888.18
2021-08-06,42852.18
2021-08-07,44617.96
2021-08-08,43827.75
2021-08-09,46292.61
2021-08-10,45601.03
2021-08-11,45556.69
2021-08-12,44425.52
2021-08-13,47832.93
2021-08-14,47102.03
2021-08-15,47015.94
2021-08-16,45927.4
2021-08-17,44684.43
2021-08-18,44714.54
2021-08-19,46761.49
2021-08-20,49336.45
2021-08-21,48867.87
2021-08-22,49289.71
2021-08-23,49521.06
2021-08-24,47690.54
2021-08-25,48996.44
2021-08-26,46852.22
2021-08-27,49088.1
2021-08-28,48918.9
2021-08-29,48794.26
2021-08-30,46993.31
2021-08-31,47159.26
2021-09-01,48840.01
2021-09-02,49280.77
2021-09-03,50019.51
2021-09-04,49935.29
2021-09-05,51784.16
2021-09-06,52693.32
2021-09-07,46856.31
2021-09-08,46073.45
2021-09-09,46392.85
2021-09-10,44853.1
2021-09-11,45166.12
2021-09-12,46049.72
2021-09-13,44958.56
2021-09-14,47129.01
2021-09-15,48148.45
2021-09-16,47764.47
2021-09-17,47297.98
2021-09-18,48312.46
2021-09-19,47251.76
2021-09-20,42925.46
2021-09-21,40709.59
2021-09-22,43576.15
2021-09-23,44893.87
2021-09-24,42848.41
2021-09-25,42721.91
2021-09-26,43201.79
2021-09-27,42187.51
2021-09-28,41056.79
2021-09-29,41539.43
2021-09-30,43829.34
2021-10-01,48164.35
2021-10-02,47669.02
2021-10-03,48234.05
2021-10-04,49276.91
2021-10-05,51504.27
2021-10-06,55345.85
2021-10-07,53797.21
2021-10-08,53949.29
2021-10-09,54968.04
2021-10-10,54700.24
2021-10-11,57498.8
2021-10-12,56010.9
2021-10-13,57369.0
2021-10-14,57359.21
2021-10-15,61684.96
2021-10-16,60877.77
2021-10-17,61520.54
2021-10-18,62038.16
2021-10-19,64283.97
2021-10-20,66021.02
2021-10-21,62283.96
2021-10-22,60693.59
2021-10-23,61313.09
2021-10-24,60863.56
2021-10-25,63089.04
2021-10-26,60315.68
2021-10-27,58464.42
2021-10-28,60610.11
2021-10-29,62282.5
2021-10-30,61891.91
2021-10-31,61349.75
2021-11-01,60960.98
2021-11-02,63260.05
2021-11-03,62929.93
2021-11-04,61448.47
2021-11-05,61019.66
2021-11-06,61529.76
2021-11-07,63302.78
2021-11-08,67549.14
2021-11-09,66939.24
2021-11-10,64926.06
2021-11-11,64820.8
2021-11-12,64156.3
2021-11-13,64409.56
2021-11-14,65509.06
2021-11-15,63614.06
2021-11-16,60108.9
2021-11-17,60365.6
2021-11-18,56930.68
2021-11-19,58136.22
2021-11-20,59769.66
2021-11-21,58700.83
2021-11-22,56303.06
2021-11-23,57566.6
2021-11-24,57175.09
2021-11-25,58966.99
2021-11-26,53788.22
2021-11-27,54805.03
2021-11-28,57331.41
2021-11-29,57839.55
2021-11-30,56975.35
2021-12-01,57227.97
2021-12-02,56522.76
2021-12-03,53663.25
2021-12-04,49243.39
2021-12-05,49465.5
2021-12-06,50552.83
2021-12-07,50633.01
2021-12-08,50513.04
2021-12-09,47593.85
2021-12-10,47191.14
2021-12-11,49398.4
2021-12-12,50109.99
2021-12-13,46731.03
2021-12-14,48387.69
2021-12-15,48885.05
2021-12-16,47635.92
2021-12-17,46164.14
2021-12-18,46861.62
2021-12-19,46697.13
2021-12-20,46913.54
2021-12-21,48917.48
2021-12-22,48614.97
2021-12-23,50830.2
2021-12-24,50840.36
2021-12-25,50431.63
2021-12-26,50790.88
2021-12-27,50714.73
2021-12-28,47536.39
2021-12-29,46471.7
2021-12-30,47129.66
2021-12-31,46197.31
2022-01-01,47737.35
2022-01-02,47306.41
2022-01-03,46450.79
2022-01-04,45824.54
2022-01-05,43432.51
2022-01-06,43094.54
2022-01-07,41543.79
2022-01-08,41686.67
2022-01-09,41869.6
2022-01-10,41832.59
2022-01-11,42743.03
2022-01-12,43919.67
2022-01-13,42575.61
2022-01-14,43089.83
2022-01-15,43088.74
2022-01-16,43100.36
2022-01-17,42224.38
2022-01-18,42372.75
2022-01-19,41674.8
2022-01-20,40697.03
2022-01-21,36469.3
2022-01-22,35075.92
2022-01-23,36288.15
2022-01-24,36702.79
2022-01-25,36975.99
2022-01-26,36829.37
2022-01-27,37189.85
2022-01-28,37744.7
2022-01-29,38184.86
2022-01-30,37908.44
2022-01-31,38494.66
2022-02-01,38721.49
2022-02-02,36918.19
2022-02-03,37328.64
2022-02-04,41590.34
2022-02-05,41418.21
2022-02-06,42412.41
2022-02-07,43861.07
2022-02-08,44080.12
2022-02-09,44422.91
2022-02-10,43531.67
2022-02-11,42398.98
2022-02-12,42239.01
2022-02-13,42069.84
2022-02-14,42552.28
2022-02-15,44576.33
2022-02-16,43896.34
2022-02-17,40545.09
2022-02-18,39994.66
2022-02-19,40107.12
2022-02-20,38397.25
2022-02-21,37037.39
2022-02-22,38267.75
2022-02-23,37270.85
2022-02-24,38353.62
2022-02-25,39239.77
2022-02-26,39134.83
2022-02-27,37714.96
2022-02-28,43189.46
2022-03-01,44428.47
2022-03-02,43935.37
2022-03-03,42474.37
2022-03-04,39154.4
2022-03-05,39407.02
2022-03-06,38428.92
2022-03-07,38030.63
2022-03-08,38748.52
2022-03-09,41962.85
2022-03-10,39443.42
2022-03-11,38741.03
2022-03-12,38805.53
2022-03-13,37796.31
2022-03-14,39696.28
2022-03-15,39314.86
2022-03-16,41133.64
2022-03-17,40956.79
2022-03-18,41790.97
2022-03-19,42235.02
2022-03-20,41243.16
2022-03-21,41043.9
2022-03-22,42380.11
2022-03-23,42904.1
2022-03-24,44006.77
2022-03-25,44331.36
2022-03-26,44542.31
2022-03-27,46842.14
2022-03-28,47128.71
2022-03-29,47445.3
2022-03-30,47056.41
2022-03-31,45522.65
2022-04-01,46299.75
2022-04-02,45822.28
2022-04-03,46414.26
2022-04-04,46609.36
2022-04-05,45501.58
2022-04-06,43177.78
2022-04-07,43466.21
2022-04-08,42273.38
2022-04-09,42768.61
2022-04-10,42153.77
2022-04-11,39536.71
2022-04-12,40086.66
2022-04-13,41150.33
2022-04-14,39951.63
2022-04-15,40563.69
2022-04-16,40392.55
2022-04-17,39688.16
2022-04-18,40811.03
2022-04-19,41504.44
2022-04-20,41375.35
2022-04-21,40490.97
2022-04-22,39716.04
2022-04-23,39445.97
2022-04-24,39466.26
2022-04-25,40437.52
2022-04-26,38117.39
2022-04-27,39252.04
2022-04-28,39749.75
2022-04-29,38594.22
2022-04-30,37650.13
2022-05-01,38480.53
2022-05-02,38513.01
2022-05-03,37725.38
2022-05-04,39680.21
2022-05-05,36546.86
2022-05-06,36009.89
2022-05-07,35469.21
2022-05-08,34033.77
2022-05-09,30076.9
2022-05-10,31013.12
2022-05-11,29017.21
2022-05-12,28915.72
2022-05-13,29244.83
2022-05-14,30050.31
2022-05-15,31296.11
2022-05-16,29838.5
2022-05-17,30415.91
2022-05-18,28667.29
2022-05-19,30282.48
2022-05-20,29166.15
2022-05-21,29410.72
2022-05-22,30264.29
2022-05-23,29075.68
2022-05-24,29630.05
2022-05-25,29508.27
2022-05-26,29188.71
2022-05-27,28597.33
2022-05-28,29013.53
2022-05-29,29452.23
2022-05-30,31716.41
2022-05-31,31782.16
2022-06-01,29789.58
2022-06-02,30439.63
2022-06-03,29680.3
2022-06-04,29845.48
2022-06-05,29897.9
2022-06-06,31353.78
2022-06-07,31111.75
2022-06-08,30189.27
2022-06-09,30082.94
2022-06-10,29067.38
2022-06-11,28389.49
2022-06-12,26587.35
2022-06-13,22471.59
2022-06-14,22118.37
2022-06-15,22566.73
2022-06-16,20372.85
2022-06-17,20432.26
2022-06-18,18954.25
2022-06-19,20553.48
2022-06-20,20550.91
2022-06-21,20699.21
2022-06-22,19956.16
2022-06-23,21098.41
2022-06-24,21219.46
2022-06-25,21474.19
2022-06-26,21031.85
2022-06-27,20718.16
2022-06-28,20251.96
2022-06-29,20094.16
2022-06-30,19908.49
2022-07-01,19249.33
2022-07-02,19225.66
2022-07-03,19294.21
2022-07-04,20212.81
2022-07-05,20158.69
2022-07-06,20545.04
2022-07-07,21611.8
2022-07-08,21592.65
2022-07-09,21582.17
2022-07-10,20846.53
2022-07-11,19944.25
2022-07-12,19309.71
2022-07-13,20230.81
2022-07-14,20577.38
2022-07-15,20827.27
2022-07-16,21199.01
2022-07-17,20792.81
2022-07-18,22447.39
2022-07-19,23399.91
2022-07-20,23222.77
2022-07-21,23153.54
2022-07-22,22686.32
2022-07-23,22452.14
2022-07-24,22585.4
2022-07-25,21305.59
2022-07-26,21258.08
2022-07-27,22960.19
2022-07-28,23855.65
2022-07-29,23769.15
2022-07-30,23646.03
2022-07-31,23308.14
2022-08-01,23271.57
2022-08-02,22991.49
2022-08-03,22825.25
2022-08-04,22622.99
2022-08-05,23319.22
2022-08-06,22956.4
2022-08-07,23179.86
2022-08-08,23817.72
2022-08-09,23156.66
2022-08-10,23959.67
2022-08-11,23943.36
2022-08-12,24412.17
2022-08-13,24449.86
2022-08-14,24313.71
2022-08-15,24101.69
2022-08-16,23858.64
2022-08-17,23338.03
2022-08-18,23201.51
2022-08-19,20833.43
2022-08-20,21142.06
2022-08-21,21514.79
2022-08-22,21399.66
2022-08-23,21520.62
2022-08-24,21369.05
2022-08-25,21565.47
2022-08-26,20247.99
2022-08-27,20038.42
2022-08-28,19554.08
2022-08-29,20292.37
2022-08-30,19813.51
2022-08-31,20050.28
2022-09-01,20129.93
2022-09-02,19957.44
2022-09-03,19834.79
2022-09-04,20003.46
2022-09-05,19793.29
2022-09-06,18791.95
2022-09-07,19287.52
2022-09-08,19321.77
2022-09-09,21369.73
2022-09-10,21655.13
2022-09-11,21836.45
2022-09-12,22400.52
2022-09-13,20173.77
2022-09-14,20233.68
2022-09-15,19700.15
2022-09-16,19804.02
2022-09-17,20118.35
2022-09-18,19417.72
2022-09-19,19541.28
2022-09-20,18879.95
2022-09-21,18468.05
2022-09-22,19405.96
2022-09-23,19291.13
2022-09-24,18924.39
2022-09-25,18809.94
2022-09-26,19230.96
2022-09-27,19081.4
2022-09-28,19412.67
2022-09-29,19593.46
2022-09-30,19425.63
2022-10-01,19313.96
2022-10-02,19058.15
2022-10-03,19632.35
2022-10-04,20344.58
2022-10-05,20160.74
2022-10-06,19965.12
2022-10-07,19532.81
2022-10-08,19419.32
2022-10-09,19442.41
2022-10-10,19131.36
2022-10-11,19058.29
2022-10-12,19154.85
2022-10-13,19378.91
2022-10-14,19182.01
2022-10-15,19069.72
2022-10-16,19264.26
2022-10-17,19550.49
2022-10-18,19330.29
2022-10-19,19123.89
2022-10-20,19043.54
2022-10-21,19166.4
2022-10-22,19207.57
2022-10-23,19572.6
2022-10-24,19331.06
2022-10-25,20087.18
2022-10-26,20776.76
2022-10-27,20295.28
2022-10-28,20599.89
2022-10-29,20820.19
2022-10-30,20630.65
2022-10-31,20492.56
2022-11-01,20480.27
2022-11-02,20150.33
2022-11-03,20207.99
2022-11-04,21150.6
2022-11-05,21301.57
2022-11-06,20910.59
2022-11-07,20593.73
2022-11-08,18544.7
2022-11-09,15820.02
2022-11-10,17559.67
2022-11-11,17007.72
2022-11-12,16773.9
2022-11-13,16307.47
2022-11-14,16592.04
2022-11-15,16879.14
2022-11-16,16648.05
2022-11-17,16680.21
2022-11-18,16677.95
2022-11-19,16683.72
2022-11-20,16253.6
2022-11-21,15760.19
2022-11-22,16198.25
2022-11-23,16590.98
2022-11-24,16588.46
2022-11-25,16508.33
2022-11-26,16451.53
2022-11-27,16420.87
2022-11-28,16207.01
2022-11-29,16431.79
2022-11-30,17162.35
2022-12-01,16978.64
2022-12-02,17094.49
2022-12-03,16888.31
2022-12-04,17111.76
2022-12-05,16966.84
2022-12-06,17086.52
2022-12-07,16837.85
2022-12-08,17226.02
2022-12-09,17126.85
2022-12-10,17129.19
2022-12-11,17094.83
2022-12-12,17208.66
2022-12-13,17775.32
2022-12-14,17801.37
2022-12-15,17359.21
2022-12-16,16658.44
2022-12-17,16780.55
2022-12-18,16742.74
2022-12-19,16442.79
2022-12-20,16901.12
2022-12-21,16821.13
2022-12-22,16816.01
2022-12-23,16780.97
2022-12-24,16837.16
2022-12-25,16829.1
2022-12-26,16916.07
2022-12-27,16700.54
2022-12-28,16540.47
2022-12-29,16631.24
2022-12-30,16599.47
2022-12-31,16531.31
2023-01-01,16613.87
2023-01-02,16670.08
2023-01-03,16670.16
2023-01-04,16846.82
2023-01-05,16825.87
2023-01-06,16946.16
2023-01-07,16942.73
2023-01-08,17115.81
2023-01-09,17179.03
2023-01-10,17442.44
2023-01-11,17938.0
2023-01-12,18849.0
2023-01-13,19932.05
2023-01-14,20954.52
2023-01-15,20878.94
2023-01-16,21188.92
2023-01-17,21136.12
2023-01-18,20678.47
2023-01-19,21082.28
2023-01-20,22676.2
2023-01-21,22789.92
2023-01-22,22714.99
2023-01-23,22917.47
2023-01-24,22637.8
2023-01-25,23066.28
2023-01-26,23009.15
2023-01-27,23077.75
2023-01-28,23031.02
2023-01-29,23747.26
2023-01-30,22833.34
2023-01-31,23129.7
2023-02-01,23730.52
2023-02-02,23470.8
2023-02-03,23437.21
2023-02-04,23332.1
2023-02-05,22940.79
2023-02-06,22761.44
2023-02-07,23252.78
2023-02-08,22961.13
2023-02-09,21807.55
2023-02-10,21830.84
